품종,content,label
일반 홍고추,이 홍고추로 만든 김치가 정말 향긋하네요.,0
일반 홍고추,요리에 필요한 활기를 더해주는 일반 홍고추!,0
일반 홍고추,샐러드나 파스타에 넣으면 부드럽고 상큼한 맛이 좋아요.,0
일반 홍고추,바베큐 소스나 스테이크와의 조합이 환상적이에요.,0
일반 홍고추,이 홍고추의 적당한 달콤함이 여러 요리에 잘 어울려요.,0
일반 홍고추,요리 초보인 저도 활용하기 좋았어요. 성공적!,0
일반 홍고추,타코나 브리또 만들 때 넣으면 그 진짜 멕시코의 맛!,0
일반 홍고추,가끔 이 홍고추로 간단한 스낵을 준비합니다.,0
일반 홍고추,항상 냉장고에 넣어두면 편하게 활용이 가능해요.,0
일반 홍고추,파히타나 퀘사디야에도 환상적으로 잘 어울려요.,0
일반 홍고추,불고기나 갈비에 얹어 먹으면 그 상큼한 맛이 좋아요.,0
일반 홍고추,가볍게 김에 싸먹어도 그 맛이 좋아요.,0
일반 홍고추,다양한 요리에 활용하기 좋은 홍고추입니다.,0
일반 홍고추,집에서 만드는 떡볶이의 비밀 재료로 좋아요.,0
일반 홍고추,한국식 스파게티에도 잘 어울려서 좋아요.,0
일반 홍고추,포장도 튼튼해서 좋았습니다.,0
일반 홍고추,집밥의 특별함을 더해주는 홍고추.,0
일반 홍고추,약간의 향과 매운맛이 다양한 요리의 포인트!,0
일반 홍고추,파히타나 타코 소스에도 환상적으로 잘 어울려요.,0
일반 홍고추,그릴에 구워먹으면 그 특별한 향이 좋아요.,0
일반 홍고추,무엇보다 신선하게 잘 배송돼서 만족했어요.,0
일반 홍고추,이 홍고추로 만든 김밥이나 샌드위치가 제 입맛에 딱이었어요.,0
일반 홍고추,달달한 맛과 약간의 매운맛의 조화가 좋아요.,0
일반 홍고추,"요리의 놀라운 변신을 위한 필수품, 홍고추!",0
일반 홍고추,깔끔한 맛이 나는 홍고추로 다양한 메뉴를 준비해봤어요.,0
일반 홍고추,커리나 탕에 넣으면 좋은 향이 나서 좋아요.,0
일반 홍고추,샐러드 드레싱에도 활용도가 높아요.,0
일반 홍고추,무엇보다 양이 푸짐해서 가성비가 좋아요.,0
일반 홍고추,소고기나 돼지고기 볶음에도 환상적으로 잘 어울려요.,0
일반 홍고추,이 홍고추로 만든 돼지고기 스테이크가 인상적이었어요.,0
일반 홍고추,주문하자마자 다음날 도착해서 놀랐어요.,0
일반 홍고추,이 홍고추로 만든 타코 소스가 딱 맛있어요.,0
일반 홍고추,무엇보다 가격도 합리적이라 만족스럽네요.,0
일반 홍고추,실내 환기가 필요할 정도로 매콤한 맛이 있어요.,0
일반 홍고추,"항상 이 홍고추만 찾게 되는 이유가 있네요, 맛이 일품입니다.",0
일반 홍고추,요리에 홍고추를 조금만 넣어도 그 맛이 확 퍼져서 좋아요.,0
일반 홍고추,화려한 홍고추의 색깔로 인해 음식의 완성도가 높아졌습니다.,0
일반 홍고추,이 홍고추를 발견한 후로는 다른 고추는 생각도 안 나네요.,0
일반 홍고추,홍고추로 만든 김치나 볶음요리의 깊은 맛이 정말 인상적입니다.,0
일반 홍고추,"신선하고 탱탱한 홍고추, 다시 주문할 예정입니다.",0
일반 홍고추,"이 홍고추의 색깔과 맛, 모든 것이 완벽해요.",0
일반 홍고추,홍고추를 먹을 때마다 그 진한 맛에 감탄하게 됩니다.,0
일반 홍고추,"언제나 신뢰할 수 있는 홍고추, 앞으로도 계속 구매할 예정입니다.",0
일반 홍고추,홍고추의 달콤한 매운맛이 요리에 활기를 불어넣어줬어요.,0
일반 홍고추,볶음밥이나 국물 요리에 홍고추를 넣으면 맛의 깊이가 늘어나요.,0
일반 홍고추,홍고추 하나로 요리의 분위기가 달라지는 것 같아요.,0
일반 홍고추,저렴한 가격에 이렇게 좋은 홍고추를 구매할 수 있어서 기뻤습니다.,0
일반 홍고추,"아무 요리에나 넣을 수 있는 만능 홍고추, 추천합니다!",0
일반 홍고추,"홍고추의 색깔이나 모양, 모든 것이 완벽해서 눈길을 끌었습니다.",0
일반 홍고추,"이렇게 맛있는 홍고추는 처음이에요, 다음에도 구매하려고요.",0
일반 홍고추,주변 사람들에게도 이 홍고추를 추천해주고 싶네요.,0
일반 홍고추,홍고추의 산뜻한 향과 맛이 기억에 남아요.,0
일반 홍고추,이렇게 맛있는 홍고추로 또 어떤 요리를 할지 기대되네요.,0
일반 홍고추,피클이나 김치에 홍고추를 사용하면 그 맛이 두 배로 좋아져요.,0
일반 홍고추,화려한 홍고추로 요리의 완성도를 높였습니다.,0
일반 홍고추,홍고추의 품질이 좀 불규칙해서 선택하는 데 어려움이 있었습니다.,1
일반 홍고추,몇몇 홍고추는 약간 시들해 보여서 아쉬웠습니다.,1
일반 홍고추,주문했던 홍고추 중 일부가 상태가 별로여서 다른 요리에 사용해야 했어요.,1
일반 홍고추,홍고추의 향이 너무 약해서 요리에 활용하기가 조금 힘들었습니다.,1
일반 홍고추,이전에 주문했던 홍고추보다 이번에 받은 홍고추의 품질이 좀 떨어져 보였습니다.,1
일반 청양고추,이 청양고추의 신선함이 뛰어나네요.,0
일반 청양고추,겉면이 깨끗해서 좋아요.,0
일반 청양고추,보관 시에도 변색이 적어 만족합니다.,0
일반 청양고추,"단순히 매운 것이 아닌, 깊은 맛이 느껴져 좋네요.",0
일반 청양고추,색깔이 선명하고 예쁘게 익었어요.,0
일반 청양고추,무엇보다 잘 세척되어 있어서 안심하고 사용할 수 있어요.,0
일반 청양고추,매운맛의 정도가 일정해서 요리하기 좋아요.,0
일반 청양고추,가격 대비 품질이 우수한 것 같습니다.,0
일반 청양고추,"매콤한데 중독성 있는 그 맛, 청양고추의 매력!",0
일반 청양고추,직접 봉지에 포장되어 있어서 위생적이에요.,0
일반 청양고추,기름에 볶아도 그 색깔과 향이 유지돼서 좋아요.,0
일반 청양고추,식당에서 주는 것보다 훨씬 신선해 보여요.,0
일반 청양고추,"홈쿠킹의 비결, 바로 이 청양고추였어요.",0
일반 청양고추,저는 이 청양고추로 김치를 만들었는데 최고였어요.,0
일반 청양고추,향이 강하지 않아서 부담 없이 먹을 수 있어요.,0
일반 청양고추,무엇보다 구입할 때마다 품질이 일정해서 좋습니다.,0
일반 청양고추,골고루 맵기 때문에 다양하게 활용이 가능해요.,0
일반 청양고추,적당한 크기와 두께로 요리하기에 편리합니다.,0
일반 청양고추,시장에서 구입한 것보다 신선도가 좋아서 만족스러워요.,0
일반 청양고추,몇 일을 냉장보관해도 그 맛과 향이 그대로네요.,0
일반 청양고추,피부가 굉장히 매끈해서 세척하기 편했어요.,0
일반 청양고추,배송도 빠르고 제품 상태도 아주 좋았습니다.,0
일반 청양고추,"저희 집은 항상 이 청양고추를 구입하는데, 정말 만족해요.",0
일반 청양고추,계절에 상관없이 항상 좋은 품질로 배송되네요.,0
일반 청양고추,좋은 청양고추로 된장찌개의 깊은 맛을 낼 수 있었어요.,0
일반 청양고추,포장도 꼼꼼해서 좋았습니다. 깨짐 걱정 없어요.,0
일반 청양고추,주변에도 추천하고 싶은 품질의 청양고추입니다.,0
일반 청양고추,피클이나 절임용으로도 아주 좋아요.,0
일반 청양고추,물리적 손상이나 상처 없이 깨끗하게 배송되었어요.,0
일반 청양고추,이 청양고추로 담그는 김치의 맛이 일품이에요.,0
일반 청양고추,맵기의 깊이와 풍미가 다른 청양고추와는 다르더라고요.,0
일반 청양고추,외부 환경에도 잘 견디는 튼튼한 청양고추입니다.,0
일반 청양고추,다른 곳보다 훨씬 경제적인 가격에 구입할 수 있어 좋아요.,0
일반 청양고추,주문한 다음날 바로 도착해서 놀랐습니다.,0
일반 청양고추,단단하게 포장되어 있어서 변질 걱정 없이 받았어요.,0
일반 청양고추,사이즈별로 골고루 포장되어 있어 사용하기 편했어요.,0
일반 청양고추,약간의 단맛이 느껴져서 더 맛있게 먹을 수 있었어요.,0
일반 청양고추,항상 주문할 때마다 만족도가 높아요.,0
일반 청양고추,이 청양고추로 담근 소스의 깊은 맛이 일품입니다.,0
일반 청양고추,자극적인 매운맛이 아니라 중후한 매운맛이 좋아요.,0
일반 청양고추,상큼하면서도 진한 풍미가 느껴져서 좋아요.,0
일반 청양고추,주문 후 신속하게 배송되어서 좋았습니다.,0
일반 청양고추,기대 이상의 품질에 놀랐습니다.,0
일반 청양고추,청양고추의 매운맛이 딱 좋아서 요리할 때 항상 사용하게 돼요.,0
일반 청양고추,이런 깊은 맛의 청양고추는 처음이에요. 너무 만족합니다!,0
일반 청양고추,청양고추의 신선한 향이 요리에 풍성함을 더해줘서 좋았습니다.,0
일반 청양고추,"다양한 요리에 활용하기 좋은 청양고추, 강력 추천합니다!",0
일반 청양고추,이 청양고추로 만든 김치의 맛이 다른 고추로 만든 것과는 비교가 안 돼요.,0
일반 청양고추,청양고추의 산뜻한 향이 가득해서 요리하면서 기분이 좋아집니다.,0
일반 청양고추,요즘은 이 청양고추 없이는 요리를 할 수 없게 됐어요.,0
일반 청양고추,주변 사람들에게도 이 청양고추를 자랑하고 싶을 정도로 만족합니다.,0
일반 청양고추,청양고추로 만든 소스나 장아찌의 깊은 맛이 정말 특별합니다.,0
일반 청양고추,항상 청양고추를 찾게 되는 이유가 있네요. 그 맛 때문이죠!,0
일반 청양고추,청양고추 하나로 요리의 풍미가 달라지는 것 같아요.,0
일반 청양고추,청양고추로 만든 요리가 집안에서 큰 인기를 끌었습니다.,0
일반 청양고추,"청양고추의 진한 색깔과 맛, 이 모든 것이 요리를 특별하게 만들어줍니다.",0
일반 청양고추,"항상 신뢰하고 구매하는 청양고추, 앞으로도 계속 구매할 거예요.",0
일반 청양고추,요리에 청양고추를 조금만 넣어도 그 매력이 퍼져서 좋아요.,0
일반 청양고추,청양고추의 탱탱한 신선함이 요리의 질을 한층 높여줍니다.,0
일반 청양고추,청양고추 하나로 요리의 분위기가 달라지는 것 같아요.,0
일반 청양고추,몇몇 청양고추는 약간 시들해 보여서 아쉬웠습니다.,1
일반 청양고추,청양고추의 향이 기대보다 약해서 요리에 활용하기가 조금 어려웠습니다.,0
일반 건고추,일반 건고추를 사용하니 국물 요리의 깊은 맛이 돋보여요.,0
일반 건고추,집에서 만든 김치에 넣으니까 딱 좋은 매운맛이 나네요.,0
일반 건고추,이 건고추로 만든 볶음밥이나 덮밥이 환상적이에요.,0
일반 건고추,향이 너무 강하지 않아서 다양한 요리에 사용하기 좋아요.,0
일반 건고추,일반 건고추로 만든 라면 소스가 다른 매운맛과는 다르게 풍부하더라고요.,0
일반 건고추,비비고가 좀 더 쉽게 되는 건고추입니다.,0
일반 건고추,요리 초보인 저도 쓰기 좋았어요. 맛있게 잘 됐습니다!,0
일반 건고추,평소 좋아하던 맛과 같아서 재구매 의사 있어요.,0
일반 건고추,김치찌개나 순두부에 넣으면 정말 깊은 맛이 나요.,0
일반 건고추,피자에 뿌려 먹어도 너무 맛있네요.,0
일반 건고추,조금 매콤하면서도 적절한 향이 좋아요.,0
일반 건고추,아이들도 너무 매워하지 않아서 함께 먹기 좋아요.,0
일반 건고추,살짝 구워서 먹으면 그 깊은 맛이 일품입니다.,0
일반 건고추,포장도 아주 깔끔해서 좋았어요.,0
일반 건고추,구이 요리나 스프에도 잘 어울려요.,0
일반 건고추,이 건고추로 만든 된장찌개가 집밥의 완성입니다!,0
일반 건고추,요리에 풍미를 더해주는 좋은 건고추.,0
일반 건고추,닭볶음탕에 넣으면 그 독특한 맛이 더해져서 좋아요.,0
일반 건고추,향이 다소 약해 좀 더 강하게 원했어요.,1
일반 건고추,집에서 만드는 김밥에도 잘 어울리는 건고추.,0
일반 건고추,이런 품질에 이 가격은 참 합리적이네요.,0
일반 건고추,평소보다 조금 더 매워서 조심스럽게 사용해야 해요.,1
일반 건고추,배송이 조금 느렸던 점이 아쉬웠어요.,1
일반 건고추,너무 많이 넣지 않아도 그 매콤한 맛이 살아있어요.,0
일반 건고추,약간의 향과 매운맛이 요리의 깊은 맛을 만들어줘요.,0
일반 건고추,이 건고추로 만든 햄버거 소스가 맛있어요.,0
일반 건고추,무엇보다 신선하게 잘 배송돼서 만족스러웠습니다.,0
일반 건고추,일반 건고추로 만든 샐러드가 제 입맛에 딱이었어요.,0
일반 건고추,이 건고추로 만든 고추장의 깊은 맛이 일품이었습니다.,0
일반 건고추,건고추의 진한 빛깔이 요리에 특별한 매력을 더해줬어요.,0
일반 건고추,이 건고추는 다른 건고추와는 비교가 안 되게 맛이 좋았습니다.,0
일반 건고추,사용하기 전부터 건고추의 향이 진하게 느껴져 기대가 돼요.,0
일반 건고추,"요리에 넣는 순간, 건고추의 맛이 전체 요리를 끌어올려주는 것 같아요.",0
일반 건고추,간편하게 사용할 수 있어서 매일 요리에 활용하고 있어요.,0
일반 건고추,이 건고추를 사용하면 김치나 찌개의 맛이 확연히 좋아져요.,0
일반 건고추,"보관하기도 쉽고, 언제든지 꺼내서 사용할 수 있어서 좋았습니다.",0
일반 건고추,건고추의 퀄리티가 상당히 높아보여서 만족스럽습니다.,0
일반 건고추,이 건고추로 만든 김치찌개의 맛은 정말 최고였습니다.,0
일반 건고추,요즘 이 건고추 없이는 요리를 못하는 것 같아요.,0
일반 건고추,다른 건고추보다 맛이나 향이 더 우수해요.,0
일반 건고추,집에서 만든 김치에 이 건고추를 넣으니 맛이 두 배로 좋아졌습니다.,0
일반 건고추,건고추의 맛과 향이 요리에 깊이를 더해줬어요.,0
일반 건고추,다른 브랜드의 건고추와 비교해봐도 이건 정말 탁월한 선택이었다고 생각해요.,0
일반 건고추,건고추로 만든 찌개나 볶음요리의 맛이 아주 특별합니다.,0
일반 건고추,건고추의 싱싱함과 깊은 맛이 아주 마음에 들었습니다.,0
일반 건고추,요리 초보인 저도 이 건고추를 활용하니 요리가 프로처럼 나와서 놀랐어요.,0
일반 건고추,일반 건고추와는 비교가 안 될만큼 맛과 향이 좋아요.,0
일반 건고추,진짜로 최고 퀄리티의 건고추라고 자부할만한 품질이에요.,0
일반 건고추,건고추의 향이 너무 좋아서 여러 요리에 활용하고 있습니다.,0
일반 건고추,건고추를 사용한 뒤로는 다른 건고추는 생각도 안 나요.,0
일반 건고추,맛있는 요리를 위해서는 이 건고추가 필수라고 생각해요.,0
일반 건고추,제가 만든 요리의 비결은 바로 이 건고추에 있어요.,0
일반 건고추,건고추를 활용한 다양한 요리법을 알아가면서 요리의 품질이 높아진 것 같아요.,0
일반 건고추,이 건고추의 맛과 향이 일품입니다.,0
일반 건고추,건고추를 주문했는데 몇몇은 좀 너무 마른 것 같아요.,1
일반 건고추,이번에 받은 건고추 중 일부가 부서져서 왔어요.,1
일반 건고추,건고추의 향이 생각보다 약해서 아쉬웠습니다.,1
일반 건고추,포장상태가 별로여서 건고추가 조금 상해 있었어요.,1
일반 건고추,이 건고추는 너무 건조해서 요리할 때 다른 건고추보다 물을 더 넣어야 했습니다.,1
일반 건고추,건고추의 크기가 너무 불규칙해서 선택하기가 힘들었어요.,1
일반 건고추,건고추의 색깔이 좀 불규칙해서 요리에 사용할 때 조심해야 했습니다.,1
유기농 홍고추,이 유기농 홍고추로 만든 김치의 맛이 환상적이에요.,0
유기농 홍고추,홍고추의 색이 너무 선명해서 음식이 더욱 맛있어 보여요.,0
유기농 홍고추,김치나 볶음 요리할 때 정말 잘 어울리는 홍고추에요.,0
유기농 홍고추,이 홍고추로 만든 찌개나 스튜의 맛이 정말 깊어져요.,0
유기농 홍고추,"바로 먹어도 매콤하고, 요리에 넣어도 좋아요.",0
유기농 홍고추,향이 정말 좋아서 계속해서 이 제품만 찾게 되네요.,0
유기농 홍고추,유기농이라 안심하고 사용할 수 있어서 좋아요.,0
유기농 홍고추,이 홍고추는 진짜 매운맛이 특징이에요.,0
유기농 홍고추,포장도 깔끔해서 보관하기도 편리해요.,0
유기농 홍고추,가격이 조금 있지만 그만큼의 가치가 있는 제품이에요.,0
유기농 홍고추,향이 너무 좋아서 요리가 더욱 풍부해져요.,0
유기농 홍고추,유기농 홍고추로 만든 소스는 다른 것과 비교가 안 돼요.,0
유기농 홍고추,다양한 요리에 활용하기 좋아서 항상 구비하고 있어요.,0
유기농 홍고추,맛이 일관적이어서 믿고 사용하게 되네요.,0
유기농 홍고추,음식의 색감이 환상적으로 변하니까 좋아요.,0
유기농 홍고추,"배송도 빠르고, 포장도 튼튼해서 좋았어요.",0
유기농 홍고추,씁쓸한 맛 없이 깔끔한 매운맛이 좋아요.,0
유기농 홍고추,항상 이 제품만 찾게 되는 이유가 있네요.,0
유기농 홍고추,유기농 홍고추로 만든 음식은 항상 성공이에요.,0
유기농 홍고추,너무 뜨거운 맛이 아니라서 모든 가족이 좋아해요.,0
유기농 홍고추,저희 가족은 이 홍고추 없이는 요리를 못 해요.,0
유기농 홍고추,유기농 홍고추의 맛과 향은 정말 독특해요.,0
유기농 홍고추,"너무 짜지 않고, 딱 좋은 맛의 홍고추에요.",0
유기농 홍고추,재배법이 유기농이라 더 안심하고 먹을 수 있어요.,0
유기농 홍고추,"조금 비싸긴 하지만, 그만큼의 품질은 보장되는 것 같아요.",0
유기농 홍고추,유기농이라서 더욱 믿음직스러운 제품이에요.,0
유기농 홍고추,집에서 볶음밥 할 때 이 홍고추가 필수예요.,0
유기농 홍고추,유기농 홍고추의 향이 다른 제품과는 확연히 다르네요.,0
유기농 홍고추,조금 더 매콤하게 느껴지는 홍고추를 원했는데 아쉬워요.,1
유기농 홍고추,포장이 조금 불안정해서 몇 개가 찌그러졌어요.,1
유기농 홍고추,"유기농이라고 해서 맛에 큰 차이를 기대했는데, 그렇게 크게 느껴지지 않았어요.",1
유기농 홍고추,묶음배송 요청했는데 개별 배송으로 와서 아쉬웠어요.,1
유기농 홍고추,가격 대비 품질이 그렇게 만족스럽진 않았어요.,1
유기농 홍고추,샐러드나 피자에 올려먹으면 맛있어요.,0
유기농 홍고추,비빔밥에 넣으면 색감과 맛이 더욱 풍부해져요.,0
유기농 홍고추,향긋한 홍고추 향으로 요리가 더욱 특별해져요.,0
유기농 홍고추,김치나 아찌에 활용하면 맛이 더욱 깊어져요.,0
유기농 홍고추,이 홍고추는 진짜 다양한 요리에 활용하기 좋아요.,0
유기농 홍고추,"곁들여 먹기에도, 요리에 활용하기에도 딱 좋아요.",0
유기농 홍고추,이렇게 풍부한 맛의 홍고추는 처음이에요.,0
유기농 홍고추,"제품 상태도 좋고, 맛도 만족스러워요.",0
유기농 홍고추,유기농 홍고추로 만든 스파게티 소스의 맛이 진짜 좋아요.,0
유기농 홍고추,이제 이 홍고추 없이는 음식을 만들 수 없을 것 같아요.,0
유기농 홍고추,유기농 홍고추로 만든 김치의 색깔과 맛이 탁월해요.,0
유기농 홍고추,홍고추 특유의 매콤함이 살아있어서 음식이 더 맛있어요.,0
유기농 홍고추,유기농 홍고추를 사용하니까 안심하고 요리할 수 있어 좋아요.,0
유기농 홍고추,홍고추의 진한 빛깔이 음식에 특별한 느낌을 줘요.,0
유기농 홍고추,이 홍고추로 만든 고추장의 맛이 정말 최고!,0
유기농 홍고추,"유기농이라 더욱 신선하고, 맛이 깊게 느껴져요.",0
유기농 홍고추,양념장을 만들 때 이 홍고추를 사용하면 맛이 두 배!,0
유기농 홍고추,진짜 자연에서 온 것 같은 유기농 홍고추의 맛과 향.,0
유기농 홍고추,집에서 피클을 만들 때 이 홍고추를 사용하면 아주 좋아요.,0
유기농 홍고추,홍고추 특유의 매콤한 킥이 요리를 더욱 특별하게 만들어줘요.,0
유기농 홍고추,유기농이라서 그런지 홍고추의 색깔도 더 진한 것 같아요.,0
유기농 홍고추,스튜나 탕에 넣으면 아주 특별한 맛이 나요.,0
유기농 홍고추,이 홍고추로 만든 고추기름의 맛이 정말 최상!,0
유기농 홍고추,홍고추의 신선함과 향이 요리에 깊은 맛을 줘요.,0
유기농 홍고추,"유기농 홍고추를 처음 구매했는데, 앞으로도 계속 구매할 생각이에요.",0
유기농 홍고추,무엇보다 홍고추의 신선함이 장난 아니에요.,0
유기농 홍고추,요리의 완성도를 한층 높여주는 홍고추!,0
유기농 홍고추,이 홍고추를 사용하면 요리가 더욱 고급스러워져요.,0
유기농 홍고추,"유기농 홍고추인데, 조금 너무 매운 것 같아요.",1
유기농 홍고추,홍고추가 약간 시들어서 왔어요. 신선도가 아쉽네요.,1
유기농 홍고추,유기농이라 그런지 가격이 조금 비싼 것 같아요.,1
유기농 홍고추,홍고추 크기가 너무 작아서 사용하기가 약간 불편해요.,1
유기농 홍고추,반찬으로도 홍고추를 넣으면 아주 맛있게 먹을 수 있어요.,0
유기농 홍고추,"안심하고 사용할 수 있는 유기농 홍고추, 정말 감사해요.",0
유기농 홍고추,홍고추로 만든 음식은 항상 성공률이 높아요.,0
유기농 홍고추,"유기농 홍고추인데, 맛이 조금 덜한 것 같아요.",1
유기농 홍고추,홍고추의 색깔이 조금 덜 붉은 것 같아 아쉬워요.,1
유기농 홍고추,패키지에는 유기농이라고 써있지만 실제로는 그렇게 느껴지지 않아요.,1
유기농 청양고추,청양고추의 특유의 매콤함이 잘 느껴져서 좋아요.,0
유기농 청양고추,요리할 때 이 청양고추를 넣으면 맛이 확 살아나네요.,0
유기농 청양고추,"이 청양고추는 다른 것과는 비교도 안 돼요, 너무 좋아요.",0
유기농 청양고추,볶음탕이나 스튜에 넣으면 깊은 맛이 나와서 좋아요.,0
유기농 청양고추,"요즘처럼 더운 날, 매콤한 요리에 이 청양고추가 필수예요.",0
유기농 청양고추,유기농이라 더 건강하게 먹을 수 있어서 좋아요.,0
유기농 청양고추,저희 가족은 항상 이 청양고추만 찾게 되요.,0
유기농 청양고추,향이 너무 진해서 요리가 더 풍부해져요.,0
유기농 청양고추,"안심하고 먹을 수 있는 유기농 청양고추, 항상 구비해놔야겠어요.",0
유기농 청양고추,김치나 볶음 요리를 할 때 정말 잘 어울려요.,0
유기농 청양고추,배송도 빠르고 포장도 잘 되어서 좋았어요.,0
유기농 청양고추,이 청양고추로 만든 김치는 정말 최고에요.,0
유기농 청양고추,유기농 청양고추의 색이 너무 선명해서 음식을 더욱 맛있게 만들어요.,0
유기농 청양고추,매운맛이 강하지 않아서 먹기 좋아요.,0
유기농 청양고추,유기농 청양고추의 향은 다른 것과는 확연히 다르네요.,0
유기농 청양고추,항상 이 청양고추로 요리하면 성공하는 것 같아요.,0
유기농 청양고추,씁쓸한 맛 없이 깔끔하게 매워서 좋아요.,0
유기농 청양고추,소스나 스튜를 만들 때 이 청양고추가 필수예요.,0
유기농 청양고추,매콤한 요리를 좋아하는 저희 가족은 이 청양고추를 너무 좋아해요.,0
유기농 청양고추,"조금 비싸긴 하지만, 그만큼의 가치는 분명 있어요.",0
유기농 청양고추,유기농 청양고추로 만든 스파게티 소스가 정말 맛있어요.,0
유기농 청양고추,집에서 볶음밥 할 때 이 청양고추가 없으면 성공률이 반감되는 것 같아요.,0
유기농 청양고추,조금 더 매콤한 느낌을 원했는데 조금 부족해요.,1
유기농 청양고추,포장이 조금 불안정해서 몇 개가 찌그러졌어요.,1
유기농 청양고추,"유기농이라고 해서 맛에 큰 차이를 기대했는데, 그렇게 크게 느껴지지 않았어요.",1
유기농 청양고추,묶음배송 요청했는데 개별 배송으로 와서 아쉬웠어요.,1
유기농 청양고추,가격 대비 품질이 그렇게 만족스럽진 않았어요.,1
유기농 청양고추,유기농 청양고추로 만든 요리가 끝내주게 맛있어요!,0
유기농 청양고추,청양고추 특유의 매콤함이 아주 살아있어서 좋아요.,0
유기농 청양고추,유기농 청양고추의 신선함과 맛이 최고예요.,0
유기농 청양고추,피클로 만들었을 때의 청양고추의 신선한 맛이 좋아요.,0
유기농 청양고추,유기농 청양고추로 만든 김치의 깊은 맛에 감탄했어요.,0
유기농 청양고추,요즘 같은 건강을 챙기는 시대에 유기농 청양고추만큼 좋은 것이 없네요.,0
유기농 청양고추,유기농 청양고추로 만든 볶음요리가 아주 특별하게 느껴져요.,0
유기농 청양고추,청양고추의 매콤한 킥이 아주 좋아요.,0
유기농 청양고추,유기농 청양고추로 만든 스프의 깊은 맛이 좋아요.,0
유기농 청양고추,향이 아주 풍부해서 청양고추를 자주 사용하게 되네요.,0
유기농 청양고추,집에서 하는 모든 요리에 청양고추를 넣으면 맛이 더욱 좋아져요.,0
유기농 청양고추,유기농 청양고추로 만든 고추장의 깊은 맛과 향이 좋아요.,0
유기농 청양고추,유기농 청양고추의 자연스러운 맛과 향에 반해버렸어요.,0
유기농 청양고추,청양고추로 만든 음식은 언제나 성공률이 높아요.,0
유기농 청양고추,유기농 청양고추로 만든 양념장의 맛이 더욱 깔끔하고 풍부해요.,0
유기농 청양고추,청양고추의 매콤한 맛이 요리에 깊은 풍미를 더해줘요.,0
유기농 청양고추,유기농 청양고추로 만든 집밥이 아주 맛있게 느껴져요.,0
유기농 청양고추,집에서 요리할 때는 항상 유기농 청양고추를 사용하려고 해요.,0
유기농 청양고추,청양고추로 만든 김치나 반찬의 맛이 아주 풍부하고 맛있어요.,0
유기농 청양고추,요리의 완성도를 더욱 높여주는 유기농 청양고추!,0
유기농 청양고추,안심하고 사용할 수 있는 청양고추로 요리하는 것이 좋아요.,0
유기농 청양고추,청양고추로 만든 소스나 양념장의 맛이 최고예요.,0
유기농 청양고추,유기농 청양고추를 사용하면 요리가 더욱 특별하게 느껴져요.,0
유기농 청양고추,청양고추로 만든 볶음요리나 국물요리의 맛이 아주 좋아요.,0
유기농 청양고추,청양고추의 매콤한 킥과 달콤한 맛의 조화가 최고네요.,0
유기농 청양고추,유기농 청양고추가 너무 매워서 요리할 때 조절이 필요해요.,1
유기농 청양고추,청양고추가 조금 시들해 보여서 아쉬웠어요.,1
유기농 청양고추,유기농 청양고추의 가격이 다른 고추에 비해 비싼 것 같아요.,1
유기농 청양고추,청양고추의 크기나 모양이 일정하지 않아서 사용하기에 불편했어요.,1
유기농 청양고추,청양고추의 매운맛이 너무 강해서 양을 조절해야 했어요.,1
유기농 청양고추,청양고추의 신선도가 좀 떨어진 것 같아서 아쉬웠어요.,1
유기농 청양고추,패키지는 유기농이라고 되어있지만 실제로는 그렇게 느껴지지 않았어요.,1
유기농 청양고추,유기농 청양고추의 신선한 향이 요리에 깊은 풍미를 더해줘요.,0
유기농 청양고추,청양고추로 만든 비빔밥의 매콤한 맛이 최고네요!,0
유기농 청양고추,유기농 청양고추로 요리하면 아이들도 안심하고 먹을 수 있어 좋아요.,0
유기농 청양고추,유기농 청양고추는 다른 청양고추와 비교할 수 없는 특별한 맛이 있어요.,0
유기농 청양고추,청양고추로 만든 샐러드의 매콤한 킥이 아주 좋아요!,0
유기농 청양고추,요리의 품질을 높여주는 유기농 청양고추를 추천합니다.,0
유기농 청양고추,청양고추의 매콤함이 내 입맛에 딱 맞아서 자주 구매하게 되요.,0
유기농 청양고추,유기농 청양고추로 만든 된장찌개의 깊은 맛이 아주 좋았어요.,0
유기농 청양고추,청양고추를 사용하면 단순한 요리도 특별한 맛이 나와요.,0
유기농 청양고추,유기농 청양고추로 만든 요리가 집안 분위기를 활기차게 만들어줘요.,0
유기농 청양고추,청양고추의 향이 요리의 품질을 높여주는 것 같아요.,0
유기농 청양고추,유기농 청양고추로 만든 볶음밥이나 덮밥의 맛이 더욱 깊어져요.,0
유기농 청양고추,청양고추를 넣은 무침이나 반찬이 아주 맛있게 느껴져요.,0
유기농 청양고추,유기농 청양고추는 신선도가 다른 청양고추보다 뛰어나다고 느껴져요.,0
유기농 청양고추,청양고추로 만든 김치나 피클의 맛이 아주 풍부하고 맛있어요.,0
유기농 청양고추,유기농 청양고추를 사용하면 요리의 퀄리티가 확실히 올라가요.,0
유기농 청양고추,청양고추의 매콤한 맛과 달콤한 향의 조화가 아주 좋아요.,0
유기농 청양고추,청양고추의 크기나 색깔이 일정하지 않아서 조금 아쉬웠어요.,1
유기농 청양고추,"유기농 청양고추인데, 가격이 조금 비싼 감이 없잖아 있어요.",1
유기농 청양고추,유기농 청양고추의 저장 방법을 몰라서 조금 빨리 시들어진 것 같아요.,1
유기농 건고추,유기농 건고추로 만든 음식이 더욱 맛있게 느껴져요.,0
유기농 건고추,색이 정말 예쁘게 나와서 김치를 만들 때 좋아요.,0
유기농 건고추,향이 너무 좋아서 기분이 좋아져요.,0
유기농 건고추,확실히 유기농 건고추는 다른 건고추와는 차별화된 맛이 있어요.,0
유기농 건고추,요리를 할 때 유기농 건고추가 없으면 뭔가 아쉬워요.,0
유기농 건고추,매운맛이 자연스럽게 나와서 좋아요.,0
유기농 건고추,향이 풍부해서 음식에 넣으면 깊은 맛이 나와요.,0
유기농 건고추,"유기농 건고추로 김치를 담궜는데, 최고에요!",0
유기농 건고추,가격 대비 품질이 아주 만족스러워요.,0
유기농 건고추,배송도 빠르고 상품 상태도 좋아서 기분이 좋아요.,0
유기농 건고추,보관하기도 편해서 좋아요.,0
유기농 건고추,유기농 건고추로 만든 떡볶이가 진짜 맛있어요.,0
유기농 건고추,"향과 맛, 색깔까지 모두 만족스러운 제품입니다.",0
유기농 건고추,포장이 너무 허술해서 조금 흘렸어요.,1
유기농 건고추,가격이 조금 부담스러워서 자주 구매하기는 힘들 것 같아요.,1
유기농 건고추,"유기농이라는 믿음에 구매했지만, 향이나 맛에 큰 차이를 느끼지 못했어요.",1
유기농 건고추,포장이 너무 허술해서 배송 중에 제품이 훼손되었어요.,1
유기농 건고추,일부 건고추에서 이상한 냄새가 나서 조금 걱정이에요.,1
유기농 건고추,유기농 건고추로 만든 김치는 다른 김치와는 비교할 수 없어요.,0
유기농 건고추,유기농 건고추의 향이 음식을 더욱 맛있게 만들어 줘요.,0
유기농 건고추,재구매 의사 있습니다. 품질이 아주 좋아요.,0
유기농 건고추,밥상에 필수품으로 느껴져요.,0
유기농 건고추,누구나 쉽게 사용할 수 있어서 좋아요.,0
유기농 건고추,유기농 건고추로 만든 음식이 진짜 향이 좋아요.,0
유기농 건고추,향과 맛이 일품입니다. 계속 구매할 생각이에요.,0
유기농 건고추,맛이 깔끔해서 계속해서 사용하고 싶은 제품입니다.,0
유기농 건고추,진짜 천연의 맛을 느낄 수 있어서 좋았어요.,0
유기농 건고추,"유기농 건고추라서 건강에도 좋고, 맛도 훌륭해요!",0
유기농 건고추,"요즘 유기농 제품을 찾고 있었는데, 이 건고추는 정말 만족스럽습니다.",0
유기농 건고추,"건고추의 향이 자연스럽고, 깊은 맛이 느껴져요.",0
유기농 건고추,천연 발효 방식으로 만들어진 유기농 건고추라 더 맛있게 느껴져요.,0
유기농 건고추,유기농 건고추의 색깔이 정말 예쁘게 잘 말라져 있습니다.,0
유기농 건고추,"이 건고추로 김치를 만들었는데, 김치 맛이 더욱 깊어진 것 같아요.",0
유기농 건고추,무농약이라 더 건강하게 요리를 즐길 수 있어서 좋아요.,0
유기농 건고추,집에서 만드는 음식에 넣으면 진짜 다른 맛이 나요. 유기농 건고추 최고!,0
유기농 건고추,이렇게 깨끗하게 잘 말린 건고추는 정말 오랜만에 봤어요.,0
유기농 건고추,유기농이라 믿고 사용하고 있습니다. 건강을 위한 최선의 선택이에요.,0
유기농 건고추,"자연스러운 향과 맛, 유기농 건고추만의 차별점이 느껴져요.",0
유기농 건고추,야채나 찌개에 넣으면 그 맛이 확실히 다르게 느껴져요.,0
유기농 건고추,"유기농 품질이라서 가격이 조금 높긴 하지만, 그만큼 품질에 만족합니다.",0
유기농 건고추,건고추의 질감이 아주 좋아요. 부드러운데 쫀득하고 맛도 진합니다.,0
유기농 건고추,"유기농 제품은 처음 사용해봤는데, 다른 건고추와는 다른 맛과 향이 나서 좋았습니다.",0
유기농 건고추,"색깔도, 크기도, 맛도 전부 만족스러워요!",0
유기농 건고추,이 건고추로 만든 음식이 가족들에게도 인기가 많아요.,0
유기농 건고추,유기농 건고추의 품질이 정말 훌륭해요. 앞으로도 계속 구매하려고 합니다.,0
유기농 건고추,집에서 먹는 모든 음식에 넣고 있어요. 맛의 향상이 느껴져서 좋아요.,0
유기농 건고추,이 건고추로 만든 볶음요리가 정말 맛있었어요!,0
유기농 건고추,유기농이라 더욱 신뢰하고 구매합니다. 건강하게 먹을 수 있어 좋아요.,0
유기농 건고추,건고추의 맛이 아주 깊고 풍부해요. 다른 건고추와는 비교가 안됩니다.,0
유기농 건고추,"유기농이라서 그런지, 건고추의 향이 훨씬 더 자연스럽게 느껴져요.",0
유기농 건고추,건강과 맛을 동시에 챙길 수 있어서 좋아요. 유기농 건고추 최고!,0
유기농 건고추,이런 고급스러운 맛의 건고추는 정말 오랜만이에요. 유기농 제품을 더 찾게 되네요.,0
유기농 건고추,유기농이라 가격이 좀 비싼 편이어서 아쉬웠습니다.,1
유기농 건고추,건고추가 좀 더 크게 말랐으면 좋겠어요. 조금 작아서 사용하기 불편했습니다.,1
유기농 건고추,"유기농 건고추인데, 조금 농약 향이 나는 것 같아요. 좀 더 철저한 관리가 필요해보입니다.",1
유기농 건고추,요리에 사용하니 그 차이를 확실히 느낄 수 있어요.,0
유기농 건고추,유기농 특유의 깔끔함이 느껴지는 건고추네요.,0
유기농 건고추,아이들에게도 안심하고 줄 수 있어서 좋아요.,0
유기농 건고추,이런 건고추로 음식을 만들 때마다 가족들의 반응이 좋아요.,0
유기농 건고추,"풍부한 향과 맛, 이런 건고추는 정말 오랜만이에요.",0
유기농 건고추,유기농으로 재배된 건고추의 맛이 다르다는 걸 확실히 느낍니다.,0
유기농 건고추,음식의 맛을 한층 업그레이드시켜주는 건고추!,0
유기농 건고추,유기농 건고추로 만든 김치의 맛이 최고예요.,0
유기농 건고추,다른 제품들과 비교해도 이 건고추의 품질이 월등히 높아요.,0
유기농 건고추,"자주 사용하는 재료인데, 유기농 제품을 만나서 다행이에요.",0
유기농 건고추,제철 음식에 이 건고추를 사용하면 그 맛이 두 배로 느껴져요.,0
유기농 건고추,향이 너무 좋아서 요리할 때마다 기분이 좋아져요.,0
유기농 건고추,요즘 같은 건강을 생각하면 유기농 건고추는 최적의 선택이죠.,0
유기농 건고추,"건고추의 질감과 맛, 두 가지 모두에 만족합니다.",0
유기농 건고추,소스나 찌개에 넣으면 진짜 그 맛이 확 달라져요.,0
유기농 건고추,이 건고추가 있어서 집밥이 더욱 특별해졌어요.,0
유기농 건고추,유기농 제품이라 더욱 신뢰하며 사용하고 있습니다.,0
유기농 건고추,향신료로도 아주 좋아요. 향이 강하지 않아서 잘 어울려요.,0
유기농 건고추,음식의 진짜 맛을 도출해내는 건고추입니다.,0
유기농 건고추,건강하게 요리하고 싶을 때 항상 이 건고추를 찾게 돼요.,0
유기농 건고추,"매콤한 음식을 좋아하는데, 이 건고추로 만든 음식은 정말 최고!",0
유기농 건고추,계속해서 재구매할 의사 100%입니다.,0
유기농 건고추,자연의 맛 그대로 느낄 수 있어서 좋아요.,0
유기농 건고추,"몸에 좋은 건고추, 앞으로도 계속 사용할 거예요.",0
유기농 건고추,"유기농이라 믿었는데, 향이 조금 이상해요.",1
유기농 건고추,유기농 표기가 있지만 실제로는 그렇게 느껴지지 않네요.,1
유기농 건고추,건고추가 조금 더 크게 말랐으면 좋겠어요. 조금 작아서 아쉽습니다.,1
유기농 건고추,유기농이라 그런지 가격대가 조금 높은 편이네요.,1
유기농 건고추,주문했던 건고추와 너무 다른 품종이 온 것 같아요.,1
무농약 홍고추,무농약 홍고추로 볶음밥을 만들었는데 깊은 향이 좋았어요.,0
무농약 홍고추,무농약이라 믿고 사용 중입니다. 아이들도 안심하게 먹여요.,0
무농약 홍고추,홍고추 특유의 신선한 맛이 잘 살아있어서 좋아요.,0
무농약 홍고추,무농약 홍고추로 만든 피클이 제일인 것 같아요.,0
무농약 홍고추,이 홍고추로 김치를 담가봤는데 맛이 확살아나요.,0
무농약 홍고추,쌈에 싸먹거나 그냥 먹어도 아주 좋네요.,0
무농약 홍고추,초무침을 할 때 이 홍고추를 넣으면 정말 맛있어요.,0
무농약 홍고추,무농약 홍고추의 선명한 색깔이 요리의 완성도를 높여줘요.,0
무농약 홍고추,이 제품 덕분에 홈쿡이 더욱 즐거워졌어요.,0
무농약 홍고추,포장도 정말 꼼꼼해서 제품이 상하지 않게 잘 왔어요.,0
무농약 홍고추,마파두부 요리할 때 이 홍고추로 향을 낸다면 최고!,0
무농약 홍고추,곱창구이에 솔솔 뿌려먹으면 감칠맛이 살아나요.,0
무농약 홍고추,포장 상태나 저장방법에 문제가 있었는지 몇몇은 상해 있었어요.,1
무농약 홍고추,가격대비 양이 적게 느껴져서 약간 실망했어요.,1
무농약 홍고추,주문한 제품과 다르게 배송되어 조금 불편했네요.,1
무농약 홍고추,배송이 예상보다 너무 늦어서 조금 기다렸어요.,1
무농약 홍고추,홍고추의 자연스러운 단맛이 요리를 더욱 특별하게 만들어줘요.,0
무농약 홍고추,"무농약 홍고추의 색깔이 너무 예쁘고, 요리에도 돋보여요.",0
무농약 홍고추,홍고추의 품질이 아주 좋아서 다양한 요리에 활용 중이에요.,0
무농약 홍고추,무농약 홍고추로 만든 김치의 맛이 뛰어나요.,0
무농약 홍고추,건강을 위해서는 무농약 홍고추가 최고라고 생각해요.,0
무농약 홍고추,무농약 홍고추로 만든 고추장과 고추냉이 맛이 정말 좋아요.,0
무농약 홍고추,무농약 홍고추의 신선함이 눈에 띄게 좋아요.,0
무농약 홍고추,"반찬으로도, 볶음요리로도 무농약 홍고추가 최고예요.",0
무농약 홍고추,무농약 홍고추를 사용하면 요리가 더욱 풍부하고 맛있어져요.,0
무농약 홍고추,이렇게 깨끗하게 재배된 홍고추는 정말 흔하지 않아요.,0
무농약 홍고추,무농약 홍고추의 자연스러운 맛과 향을 아주 좋아해요.,0
무농약 홍고추,요리의 색감을 더욱 화사하게 만들어주는 무농약 홍고추입니다.,0
무농약 홍고추,무농약 홍고추로 만든 찌개와 볶음밥의 맛이 아주 특별해요.,0
무농약 홍고추,무농약 홍고추의 맛과 향이 요리에 더욱 깊이와 복합성을 더해줘요.,0
무농약 홍고추,무농약 홍고추로 만든 반찬이 항상 테이블에 빠짐없이 올라가요.,0
무농약 홍고추,요리를 하면서 무농약 홍고추가 없으면 아쉬운 날이 많아요.,0
무농약 홍고추,무농약 홍고추라서 그런지 가격이 조금 비싼 것 같아요.,1
무농약 홍고추,홍고추의 색깔이 약간 바래 보이는 것 같아요.,1
무농약 홍고추,배송 중에 홍고추 몇 개가 찌그러져서 왔어요.,1
무농약 홍고추,무농약 홍고추의 맛이 예전보다 약해진 것 같아요.,1
무농약 홍고추,홍고추의 크기가 일정하지 않아서 조금 아쉬워요.,1
무농약 홍고추,무농약 홍고추로 만든 스파이시 피자가 대박이었어요!,0
무농약 홍고추,홍고추의 신선함이 요리의 중심이 되어 맛을 끌어올려줘요.,0
무농약 홍고추,무농약 홍고추로 시작하는 하루가 활력 넘치는 하루가 돼요.,0
무농약 홍고추,"다양한 요리에 활용도가 높은 무농약 홍고추, 꼭 추천하고 싶어요!",0
무농약 홍고추,무농약 홍고추의 향기로운 맛이 고기 요리와 너무 잘 어울려요.,0
무농약 홍고추,정말로 천연 그대로의 맛을 느낄 수 있는 무농약 홍고추입니다.,0
무농약 홍고추,무농약 홍고추를 찜에 넣으니 아주 맛있게 잘 먹었어요.,0
무농약 홍고추,홍고추의 색깔이 아주 선명해서 시각적으로도 만족스러워요.,0
무농약 홍고추,건강하게 키워진 무농약 홍고추의 향기가 요리에 더해져서 너무 좋아요.,0
무농약 홍고추,무농약 홍고추로 만든 볶음요리가 아주 특별한 맛을 냈어요.,0
무농약 홍고추,무농약 홍고추를 저장할 때 조금 빨리 시들어지는 것 같아요.,1
무농약 청양고추,이 청양고추로 만든 김치가 매콤하고 진짜 맛있어요.,0
무농약 청양고추,요리에 청양고추가 들어가면 맛이 한층 더 깊어져요.,0
무농약 청양고추,무농약 청양고추로 만든 짜장면 소스가 정말 맛있었어요.,0
무농약 청양고추,계란찜에 약간 넣으면 그 특별한 풍미가 좋아요.,0
무농약 청양고추,매운탕이나 해물찜에 넣으면 정말 최고의 조화를 이룹니다.,0
무농약 청양고추,비빔면에도 잘 어울리는 무농약 청양고추입니다.,0
무농약 청양고추,무농약 청양고추로 만든 삼겹살 소스가 일품이에요.,0
무농약 청양고추,제육볶음 요리할 때 꼭 넣는데 맛이 두배로 좋아져요.,0
무농약 청양고추,"이 제품으로 해물 덮밥을 만들었는데, 매콤한 향이 일품이었어요.",0
무농약 청양고추,무농약이라 아이들에게도 안심하고 줄 수 있어서 좋네요.,0
무농약 청양고추,소고기 샤브샤브에도 잘 어울리는 청양고추입니다.,0
무농약 청양고추,날씨가 추운데도 신선하게 잘 도착했어요.,0
무농약 청양고추,무침이나 무채로 먹어도 정말 맛있네요.,0
무농약 청양고추,햄버거 패티 속에 넣어서 구웠더니 깊은 맛이 났어요.,0
무농약 청양고추,"집밥의 완성도를 높여주는 필수 재료, 무농약 청양고추!",0
무농약 청양고추,"스테이크에도 잘 어울리는데, 그 특별한 풍미가 좋아요.",0
무농약 청양고추,스파게티 소스에도 꼭 넣어서 먹어요. 매콤한 킥이 좋아서.,0
무농약 청양고추,무농약 청양고추로 만든 파스타가 정말 인상적이었어요.,0
무농약 청양고추,매운맛을 조절하면서 요리하는 데에 최고의 제품이에요.,0
무농약 청양고추,"배송이 약간 늦어져서 아쉬웠는데, 제품 자체는 만족스럽네요.",1
무농약 청양고추,포장이 약간 부실해서 몇 개가 상했어요.,1
무농약 청양고추,제품은 좋은데 가격이 조금 비싼 것 같아요.,1
무농약 청양고추,이 청양고추의 매운맛이 다른 제품과는 달라요.,0
무농약 청양고추,밥 위에 조금 뿌리면 그 특별한 맛이 좋아요.,0
무농약 청양고추,한국 음식의 깊은 맛을 내기 위한 필수 재료입니다.,0
무농약 청양고추,깨끗하게 재배된 청양고추라서 안심하고 사용할 수 있어요.,0
무농약 청양고추,무농약 청양고추의 향이 다른 고추와는 확연히 다르게 느껴져요.,0
무농약 청양고추,청양고추 특유의 깊은 매운맛이 요리에 깊이를 더해줘요.,0
무농약 청양고추,볶음이나 탕 요리에 무농약 청양고추를 넣으면 맛의 차이를 확실히 느낄 수 있어요.,0
무농약 청양고추,무농약 청양고추로 만든 고추장이 너무 맛있어서 다들 추천받았어요.,0
무농약 청양고추,청양고추의 매운맛이 진하면서도 부드러워서 좋아요.,0
무농약 청양고추,무농약 청양고추의 신선한 향과 맛이 대박이에요!,0
무농약 청양고추,자극적이지 않은 매운맛이 특징인 무농약 청양고추를 아주 좋아해요.,0
무농약 청양고추,무농약 청양고추로 만든 찜이나 볶음 요리가 너무 인기가 좋아요.,0
무농약 청양고추,무농약 청양고추는 다른 청양고추와는 확실히 다른 맛과 향이 있어요.,0
무농약 청양고추,안심하고 먹을 수 있는 무농약 청양고추는 항상 주방에서 빠질 수 없어요.,0
무농약 청양고추,무농약 청양고추로 만든 스파게티 소스가 너무 맛있게 잘 어울려요.,0
무농약 청양고추,깨끗하게 재배된 무농약 청양고추는 정말로 신뢰가 가요.,0
무농약 청양고추,요리의 핵심 재료로 사용되는 무농약 청양고추는 진짜 품질이 좋아요.,0
무농약 청양고추,매콤하면서도 깊은 맛이 특징인 무농약 청양고추입니다.,0
무농약 청양고추,무농약 청양고추의 신선함과 질감이 아주 마음에 들어요.,0
무농약 청양고추,요리를 할 때 무농약 청양고추의 향이 아주 돋보여요.,0
무농약 청양고추,"다양한 요리에 활용도가 높은 청양고추, 꼭 추천하고 싶어요!",0
무농약 청양고추,무농약 청양고추의 색감이 너무 예쁘게 빛나서 시각적으로도 만족스러워요.,0
무농약 청양고추,무농약 청양고추로 만든 진한 매운맛의 소스가 대박이에요.,0
무농약 청양고추,직접 기른 것처럼 깨끗한 무농약 청양고추로 요리하는 게 너무 좋아요.,0
무농약 청양고추,무농약 청양고추로 만든 김치나 장아찌가 너무 인기가 좋아요.,0
무농약 청양고추,자극적이지 않고 적당한 매운맛이 특징인 무농약 청양고추입니다.,0
무농약 청양고추,무농약 청양고추로 만든 김밥이나 샐러드가 정말 맛있어요.,0
무농약 청양고추,청양고추의 진한 향과 매운맛이 무농약이라 더욱 안심하고 먹을 수 있어요.,0
무농약 청양고추,무농약 청양고추로 만든 고추냉이나 볶음밥이 너무 맛있어,0
무농약 청양고추,"무농약 청양고추를 주문했는데, 일부가 상해 도착해서 아쉬웠어요.",1
무농약 청양고추,"무농약이라 기대했는데, 청양고추의 매운맛이 약한 것 같아요.",1
무농약 청양고추,청양고추를 잘못 보관한건지 금방 시들어져서 사용하기가 힘들었어요.,1
무농약 청양고추,무농약 청양고추의 가격이 좀 비싼 감이 없지 않아 있어요.,1
무농약 청양고추,무농약 청양고추로 만든 요리가 가족들 사이에서 큰 인기를 끌었어요.,0
무농약 청양고추,청양고추의 신선함이 살아있어서 매콤한 요리를 좋아하는 저에게는 최고였습니다.,0
무농약 청양고추,깨끗하게 재배된 청양고추는 믿고 사용할 수 있어서 좋아요.,0
무농약 청양고추,"매운 음식을 좋아하는데, 이 청양고추는 그 중에서도 최고의 맛을 보여줬어요.",0
무농약 청양고추,무농약 청양고추로 만든 김치의 맛이 정말로 다른 김치와는 차원이 달랐습니다.,0
무농약 청양고추,무농약 청양고추의 매운맛이 정말로 진하고 깊은 맛이 있어요.,0
무농약 청양고추,아무래도 무농약이다 보니 청양고추의 색깔과 향이 더욱 생생해서 좋았어요.,0
무농약 청양고추,무농약 청양고추를 사용하니 요리의 품질이 확연히 올라간 것 같아요.,0
무농약 청양고추,무농약 청양고추로 만든 고추장과 된장의 깊은 맛이 일품이었습니다.,0
무농약 청양고추,이 청양고추의 향과 맛은 진짜로 다른 청양고추와는 비교가 안 될 정도로 좋았습니다.,0
무농약 청양고추,무농약 청양고추를 주문했는데 포장상태가 좋지 않아 조금 실망했습니다.,1
무농약 건고추,이 무농약 건고추로 만든 찜닭이 흡족했어요.,0
무농약 건고추,색이 아주 진해서 요리할 때 눈에도 기분 좋아요.,0
무농약 건고추,무농약 특유의 천연 향이 너무 좋네요.,0
무농약 건고추,짜장면 속의 무농약 건고추가 전체 맛을 살렸어요.,0
무농약 건고추,요즘 같은 시기에 무농약 제품은 정말 안심이죠.,0
무농약 건고추,반찬 만들 때마다 꼭 필요한 재료입니다.,0
무농약 건고추,무농약 건고추로 만든 야채볶음이 향긋해서 좋았어요.,0
무농약 건고추,마라탕의 필수재료로 활용 중입니다.,0
무농약 건고추,새우 볶음밥에 넣으면 맛이 한층 업그레이드 돼요.,0
무농약 건고추,무농약이라 더 건강하게 사용할 수 있어서 좋아요.,0
무농약 건고추,건고추를 너무 오래 보관하다 보니 향이 약해진 것 같아요.,1
무농약 건고추,배송이 약간 늦게 와서 기다림이 길었어요.,1
무농약 건고추,몇몇 건고추가 잘 말라지지 않은 것 같았어요.,1
무농약 건고추,상품의 품질에는 만족하지만 가격이 약간 높게 느껴졌어요.,1
무농약 건고추,주문했던 건고추와 다르게 보내져서 교환하는데 애를 먹었네요.,1
무농약 건고추,무농약 건고추로 만든 반찬이나 볶음의 맛이 아주 진하고 맛있어요.,0
무농약 건고추,가족들이 무농약 건고추로 만든 요리를 매우 좋아해요.,0
무농약 건고추,무농약이라서 아이들도 안심하고 먹을 수 있어 좋아요.,0
무농약 건고추,무농약 건고추의 색깔과 맛이 아주 자연스럽고 좋아요.,0
무농약 건고추,건고추 중에서 이만큼 퀄리티가 높은 제품은 처음 본 것 같아요.,0
무농약 건고추,무농약 건고추를 사용하면 요리의 퀄리티가 확실히 올라가는 것 같아요.,0
무농약 건고추,요리에 깊이와 풍미를 더해주는 무농약 건고추입니다.,0
무농약 건고추,무농약 건고추의 향이 정말로 특별하게 느껴져요.,0
무농약 건고추,무농약 건고추로 만든 김치나 장아찌의 맛이 아주 풍부하고 맛있어요.,0
무농약 건고추,안전하게 재배된 무농약 건고추라서 신뢰가 가요.,0
무농약 건고추,무농약 건고추를 사용하면 기본 반찬도 특별한 맛이 나서 좋아요.,0
무농약 건고추,건고추로 만든 무침이나 볶음밥의 맛이 무농약 덕분에 더욱 깊어져요.,0
무농약 건고추,무농약 건고추의 신선함과 깨끗함이 요리를 더욱 맛있게 만들어줘요.,0
무농약 건고추,무농약 건고추라서 그런지 가격이 조금 비싼 감이 있어요.,1
무농약 건고추,무농약 건고추의 저장 방법을 몰라서 조금 빨리 시들어진 것 같아요.,1
무농약 건고추,무농약 건고추로 만든 요리가 항상 가족들의 입맛에 맞아요.,0
무농약 건고추,진짜로 천연 그대로의 맛을 느낄 수 있어서 좋아요.,0
무농약 건고추,무농약 건고추의 맛과 향이 정말 탁월해요.,0
무농약 건고추,무농약 건고추로 요리하니 건강한 느낌이 들어서 좋아요.,0
무농약 건고추,다른 건고추와는 차원이 다른 퀄리티를 느낄 수 있어요.,0
무농약 건고추,무농약 건고추로 만든 김치의 풍미가 아주 독특하고 좋아요.,0
무농약 건고추,무농약의 천연 맛을 그대로 느낄 수 있어서 자주 구매하게 되요.,0
무농약 건고추,무농약 건고추로 만든 고추장의 맛이 아주 진하고 풍부해요.,0
무농약 건고추,요리의 풍미를 더욱 풍성하게 만들어주는 무농약 건고추입니다.,0
무농약 건고추,무농약 건고추를 사용하면 기본 반찬도 특별한 맛이 나와서 좋아요.,0
무농약 건고추,무농약 건고추의 향이 너무 강해서 조금만 넣어도 맛이 강하게 나와요.,1
무농약 건고추,배송 중에 몇몇 건고추가 부서져서 왔어요.,1
무농약 건고추,무농약 건고추의 색깔이 다른 건고추보다 약간 바래 보여요.,1
고춧가루,이 고춧가루의 색깔이 정말 진하고 아름다워요.,0
고춧가루,요리에 깊은 풍미를 주는 매력적인 고춧가루입니다.,0
고춧가루,배송도 빠르고 포장상태도 훌륭해요.,0
고춧가루,"김치나 찌개, 모든 요리에 활용도가 높아 좋아요.",0
고춧가루,냉장보관하니 그 맛과 향이 오래간다.,0
고춧가루,진짜 고추에서 직접 갈아 만든 느낌이 들어요.,0
고춧가루,다른 고춧가루와 비교했을 때 품질이 월등히 좋아요.,0
고춧가루,첫 숟가락부터 그 깊은 맛에 반했습니다.,0
고춧가루,요리에 사용하면 매번 칭찬을 받아요.,0
고춧가루,물기 없이 건조하게 잘 포장되어 왔어요.,0
고춧가루,"김치를 담갔는데, 그 색깔과 맛이 최고네요.",0
고춧가루,부드러운 질감으로 음식에 잘 섞여요.,0
고춧가루,다른 제품보다 붉은색이 더 도드라져 보여요.,0
고춧가루,집에서 볶음밥을 할 때 이 고춧가루는 필수입니다.,0
고춧가루,좋은 원재료에서 시작된 품질이 느껴져요.,0
고춧가루,냉장고에 항상 두고 있어야 하는 필수품입니다.,0
고춧가루,주문할 때마다 일관된 품질에 만족합니다.,0
고춧가루,아주 조금만 넣어도 그 맛이 풍부하게 느껴져요.,0
고춧가루,고기 구울 때 넣으면 아주 맛있는 양념이 돼요.,0
고춧가루,"그 가격에 이 품질이라니, 정말 만족스러워요.",0
고춧가루,빠른 배송과 친절한 서비스도 좋았습니다.,0
고춧가루,요리의 완성도를 높여주는 매력적인 고춧가루네요.,0
고춧가루,유통기한도 넉넉해서 안심하고 사용할 수 있어요.,0
고춧가루,잘 갈려진 고춧가루로 음식이 더 맛있어져요.,0
고춧가루,밀봉 포장이라 보관하기에도 좋았습니다.,0
고춧가루,직접 가루를 갈아 만든 듯한 신선함이 느껴져요.,0
고춧가루,"매운맛이 강렬하지 않고, 적당해서 좋습니다.",0
고춧가루,전골 요리에 넣었더니 가족들이 모두 칭찬해요.,0
고춧가루,향이 너무 강하지 않아 부담스럽지 않아요.,0
고춧가루,"색이나 향, 맛 모두 만족스러운 고춧가루입니다.",0
고춧가루,고추특유의 매콤함이 잘 살아있어요.,0
고춧가루,진짜 고추의 향과 맛을 느낄 수 있어 좋았습니다.,0
고춧가루,가격 대비 아주 훌륭한 제품입니다.,0
고춧가루,"나만 알고 싶은, 그런 특별한 고춧가루네요.",0
고춧가루,"부드러워서 음식에 잘 섞이고, 맛도 좋아요.",0
고춧가루,사용하기 편리한 포장이 좋았습니다.,0
고춧가루,다른 고춧가루와는 차원이 다른 품질이에요.,0
고춧가루,고추의 깊은 맛과 향이 요리에 잘살아나요.,0
고춧가루,양념장이나 무침 요리에도 최적입니다.,0
고춧가루,항상 이 고춧가루로 요리하면 성공해요.,0
고춧가루,한 번 사용해보면 다른 제품은 사용하기 힘들어요.,0
고춧가루,요즘 이 고춧가루 없이는 요리를 생각할 수 없어요.,0
고춧가루,찌개나 무침 요리를 할 때 이 고춧가루의 풍미가 돋보여서 좋습니다.,0
고춧가루,"진짜 한국의 맛, 이 고춧가루 덕분에 완성됩니다.",0
고춧가루,고춧가루의 매운맛이 적절해서 요리에 활용하기 좋아요.,0
고춧가루,김치나 장아찌를 만들 때 이 고춧가루는 필수품입니다.,0
고춧가루,이 고춧가루로 요리한 음식은 항상 칭찬받아요.,0
고춧가루,"딱 적당한 매운맛과 향, 고춧가루의 품질이 너무 좋습니다.",0
고춧가루,반찬을 만들 때 이 고춧가루를 사용하면 그 맛이 풍부해져요.,0
고춧가루,"국물 요리에도, 볶음 요리에도 이 고춧가루는 완벽하게 어울립니다.",0
고춧가루,고춧가루의 진한 빛깔이 요리의 완성도를 높여줍니다.,0
고춧가루,집에서 김치를 담글 때 이 고춧가루를 사용하면 성공률이 100%입니다.,0
고춧가루,끝 맛이 깔끔해서 다양한 요리에 활용하기 좋은 고춧가루입니다.,0
고춧가루,"향신료로도, 소스로도 이 고춧가루의 활용도가 높아서 만족합니다.",0
고춧가루,집에서 진짜 한식을 느끼고 싶다면 이 고춧가루를 추천합니다.,0
고춧가루,비빔밥이나 떡볶이에 이 고춧가루를 넣으면 그 맛이 더욱 깊어져요.,0
고춧가루,"김치의 진한 맛을 원한다면, 이 고춧가루를 선택하세요!",0
고춧가루,"고춧가루의 향과 맛, 두 가지 모두에 만족합니다.",0
고춧가루,볶음밥이나 장조림 등 다양한 요리에 이 고춧가루가 필요해요.,0
고춧가루,일상의 모든 요리에 활용도가 높은 고춧가루입니다.,0
고춧가루,매콤하면서도 깊은 풍미를 원한다면 이 고춧가루를 선택하세요.,0
고춧가루,"향긋한 냄새와 깊은 맛, 고춧가루의 품질이 뛰어납니다.",0
고춧가루,"요리의 진한 빛깔과 풍미, 이 고춧가루 덕분입니다.",0
고춧가루,소스나 장을 만들 때 이 고춧가루의 풍미가 돋보입니다.,0
고춧가루,김치뿐만 아니라 다양한 반찬을 만들 때 이 고춧가루는 필수입니다.,0
고춧가루,곱게 다진 고춧가루의 질감이 요리에 더욱 풍성함을 더해줍니다.,0
고춧가루,"불향과 매콤한 맛, 이 고춧가루의 매력입니다.",0
고춧가루,한국의 진짜 맛을 느끼고 싶다면 이 고춧가루를 선택하세요!,0
고춧가루,"요리의 퀄리티를 높이는 비법, 바로 이 고춧가루입니다.",0
고춧가루,"고춧가루의 깊은 맛과 향, 둘 다 너무 만족스럽습니다.",0
고춧가루,"요리에 딱 필요한 매운맛과 향, 고춧가루 덕분입니다.",0
고춧가루,고춧가루의 매운맛이 너무 강해서 요리에 조심스럽게 사용해야 했습니다.,1
고춧가루,저장을 잘 했는데도 빠르게 색깔이 변한 것 같아 아쉬웠습니다.,1
고춧가루,고춧가루의 빛깔은 예뻤지만 향이 약해서 음식의 풍미가 부족했습니다.,1
무농약 청양고추,고추를 받았는데 색이 너무 바래보여요. 신선하지 않은 느낌이 들어요.,1
유기농 건고추,맛이 너무 떨어져요. 매운맛이 거의 느껴지지 않네요.,1
일반 홍고추,포장을 열었더니 고추에 곰팡이가 핀 것들이 몇 개 보였어요.,1
무농약 홍고추,이번에 온 고추는 정말 크기가 일정하지 않아요. 일부는 너무 작네요.,1
유기농 홍고추,고추가 많이 찢어져서 왔어요. 운송 중에 제대로 관리가 안 된 것 같아요.,1
무농약 건고추,고추를 씻었더니 색이 많이 빠지더라고요. 천연색이 아닌 것 같아요.,1
일반 건고추,매운맛이 너무 강해서 먹기 힘들었어요. 맵기 정도가 일정하지 않아요.,1
유기농 청양고추,고추를 다듬다 보니 안쪽에 벌레가 있더라고요. 정말 실망했어요.,1
일반 청양고추,"고추를 구입했는데, 냉장보관 했음에도 불구하고 몇 일 안 돼서 상해버렸어요.",1
무농약 청양고추,집에 있는 고추와 비교했을 때 이 고추들은 정말 맛이 없어요.,1
무농약 건고추,고추들이 너무 마르고 쭈글쭈글해요. 신선도가 많이 떨어져 보여요.,1
일반 홍고추,이번에 온 고추는 유난히 냄새가 강하네요. 자연스러운 냄새가 아닌 것 같아요.,1
무농약 홍고추,고추를 요리에 사용했더니 음식 맛이 이상해졌어요. 품질에 실망했습니다.,1
유기농 홍고추,고추가 너무 얇아서 요리할 때 제대로 쓰이지 않아요.,1
무농약 건고추,이 고추들은 매운맛이 거의 없어요. 맵기를 기대했던 저로서는 실망스러워요.,1
일반 건고추,고추가 너무 오래된 것 같아요. 맛이 전혀 살아있지 않네요.,1
유기농 청양고추,이번 배송받은 고추 중 일부는 이미 썩기 시작했더라고요.,1
무농약 청양고추,고추를 써보니 텍스처가 너무 퍽퍽해요. 신선한 고추가 아닌 것 같아요.,1
일반 청양고추,고추를 너무 싸게 산 게 아닌가 싶을 정도로 품질이 떨어져요.,1
무농약 건고추,맵기가 일정하지 않아서 요리할 때 계속 맛을 조절해야 했어요.,1
유기농 건고추,고추를 구매한 후 몇 일만에 벌레가 생겼어요. 정말 불쾌하네요.,1
일반 홍고추,포장이 제대로 안 되어 있어서 고추들이 운송 중에 상당히 손상된 것 같아요.,1
무농약 홍고추,고추가 너무 작아서 사용하기가 불편해요. 크기가 너무 불규칙해요.,1
유기농 홍고추,이 고추는 정말 맛이 없어요. 다른 제품으로 교체할 생각입니다.,1
무농약 청양고추,색깔이 너무 연해서 신선하지 않아 보여요. 맛도 기대 이하였습니다.,1
일반 건고추,고추 안에 이물질이 있어서 청소하는 데 시간이 많이 걸렸어요.,1
무농약 건고추,요리할 때 고추에서 이상한 냄새가 났어요. 품질에 문제가 있는 것 같아요.,1
유기농 청양고추,고추들 중 몇 개는 너무 말라서 요리에 사용하기가 어려웠어요.,1
일반 청양고추,고추를 자세히 보니 표면에 이상한 반점들이 많아요. 외관상으로도 마음에 들지 않습니다.,1
일반 홍고추,이 고추는 너무 오래되어 맛이 없어요. 돈이 아깝네요.,1
무농약 홍고추,고추를 받자마자 몇 개는 바로 버려야 했어요. 상태가 너무 안 좋았습니다.,1
무농약 건고추,맵기가 너무 적당치 않아서 요리의 맛을 망쳤어요. 일관성이 없는 제품입니다.,1
유기농 홍고추,고추 표면에 상처가 많아서 외관이 좋지 않아요.,1
유기농 청양고추,고추의 맛이 너무 불규칙해서 제대로 된 요리가 불가능했습니다.,1
일반 건고추,포장을 열자마자 고추에서 나는 냄새에 실망했어요. 전혀 신선하지 않습니다.,1
무농약 건고추,고추를 사용한 후부터 음식이 이상하게 맛이 없어졌어요. 원인을 찾다가 고추가 문제라는 것을 알았습니다.,1
무농약 청양고추,제가 원하는 매운맛이 아니에요. 너무 약해서 아쉬웠습니다.,1
유기농 건고추,고추를 다듬는 과정에서 너무 많은 부분을 잘라내야 했어요. 사용 가능한 부분이 너무 적었습니다.,1
일반 홍고추,고추의 색이 너무 달라서 신선한지 의심스러웠어요.,1
무농약 홍고추,맛이 너무 심심해서 특별한 요리를 만들기 어려웠습니다.,1
일반 청양고추,고추가 너무 얇아서 요리하다가 다 타버렸어요.,1
무농약 건고추,고추를 요리할 때마다 매운맛이 너무 들쑥날쑥해요. 매번 실패하게 만듭니다.,1
유기농 홍고추,고추에서 나는 냄새가 너무 강해서 다른 재료들의 맛을 덮어버렸어요.,1
무농약 청양고추,"고추의 신선도가 너무 떨어져서, 몇 일만에 쓰레기통으로 직행했습니다.",1
유기농 청양고추,고추를 다듬으면서 벌레를 여러 번 발견했어요. 정말 혐오스러웠습니다.,1
일반 건고추,요리할 때 고추의 맵기 때문에 매번 눈물을 흘리게 되네요. 너무 과한 맵기입니다.,1
무농약 건고추,고추들이 너무 과숙해져서 요리하기가 어려웠습니다.,1
유기농 건고추,"이 고추는 정말 신선도가 떨어져서, 사먹은 것을 후회하고 있어요.",1
무농약 홍고추,고추가 너무 오래돼서 맛이 변한 것 같아요. 사용하기가 망설여집니다.,1
일반 홍고추,고추를 요리에 넣었더니 이상하게 쓴맛이 났어요. 매운맛도 제대로 나지 않았습니다.,1
무농약 청양고추,고추를 씻다가 손이 벌겋게 되어버렸어요. 맵기가 너무 세서 손상을 입었습니다.,1
유기농 홍고추,고추가 너무 잘 터져서 요리하는 동안에 불편함이 많았습니다.,1
유기농 청양고추,맵기 조절이 어려워서 매번 요리가 실패해요. 고추 때문에 스트레스 받습니다.,1
일반 건고추,고추를 구입한 지 얼마 되지 않아서 상했어요. 보관 상태에 문제가 있었던 것 같습니다.,1
무농약 건고추,고추가 너무 질겨서 씹는 맛이 좋지 않아요. 식감이 많이 떨어집니다.,1
일반 청양고추,고추를 사용하고 나서 음식이 전반적으로 맛이 없어졌어요. 재료의 질이 음식의 질을 결정한다는 것을 깨달았습니다.,1
무농약 건고추,포장을 개봉했는데 고추가 너무 축 쳐져 있었어요. 신선도가 의심스러웠습니다.,1
유기농 건고추,고추에서 나는 이상한 냄새 때문에 전체 요리의 향을 망쳐버렸어요.,1
무농약 홍고추,이 고추는 다른 고추들보다 매운맛이 너무 강해서 먹기가 힘들었습니다.,1
일반 홍고추,고추를 다듬는데 시간이 너무 많이 걸렸어요. 상태가 좋지 않아서 손질이 어려웠습니다.,1
유기농 홍고추,고추를 먹고 나서 속이 너무 안 좋았어요. 품질에 문제가 있는 것 같습니다.,1
무농약 청양고추,이 고추들은 다른 고추들에 비해 맛이나 향이 너무 떨어져요.,1
일반 청양고추,고추를 요리에 넣었더니 음식 맛이 완전히 달라졌어요. 너무 맵고 쓴맛이 강했습니다.,1
유기농 청양고추,포장을 열자마자 고추들이 너무 마른 것을 발견했어요. 요리하기에 적합하지 않았습니다.,1
일반 건고추,고추가 너무 딱딱해서 잘라내는 데 많은 어려움을 겪었습니다.,1
무농약 건고추,고추가 너무 잘 부서져서 사용하기가 불편했습니다.,1
무농약 홍고추,고추를 보관하는 동안에 곰팡이가 생겼어요. 빨리 사용해야 할 것 같아요.,1
일반 홍고추,고추를 사용한 요리가 너무 맵고 짜서 먹을 수가 없었습니다.,1
유기농 홍고추,고추의 맵기가 예상보다 훨씬 약해서 맛이 싱거웠습니다.,1
무농약 청양고추,고추가 너무 실망스러워서 다시는 이 브랜드를 구매하지 않을 것입니다.,1
일반 청양고추,포장을 열었는데 고추에서 나는 냄새가 정말 좋지 않았습니다.,1
유기농 청양고추,고추의 품질이 좋지 않아서 요리의 전체적인 맛이 떨어졌습니다.,1
일반 건고추,고추를 다듬을 때 손이 너무 아팠어요. 고추가 너무 단단해서 다루기가 어려웠습니다.,1
무농약 건고추,고추의 색깔이 너무 어두워서 신선도에 의문이 들었습니다.,1
유기농 건고추,"이 고추는 정말 신선하지 않아 보였고, 맛도 기대 이하였습니다.",1
무농약 홍고추,요리할 때마다 이 고추 때문에 매번 실패하게 되네요. 품질이 너무 일정하지 않습니다.,1
일반 홍고추,고추에서 나오는 씨가 너무 많아서 손질하는 데 시간이 많이 들었습니다.,1
무농약 청양고추,"고추를 요리에 사용했는데, 요리가 너무 맵게 되어서 다 망쳤어요.",1
유기농 홍고추,고추를 받고 나서 한동안 방치했더니 쉽게 상해버렸어요. 내구성이 부족한 것 같습니다.,1
일반 청양고추,"고추가 매우 상큼하고 신선하다고 하지만, 너무 빨리 상하지 않나요?",1
무농약 청양고추,"고추를 산 다음 하루만 지나도 녹아버리는데, 이게 정상인가요?",1
유기농 건고추,고추 표면에 이상한 얼룩이 많이 있어서 먹기 전에 항상 세척을 해야 합니다.,1
일반 홍고추,"고추는 품질이 좋다고 하지만, 내부가 실망스럽게 썩어있는 경우가 많습니다.",1
무농약 홍고추,물에 담궈도 고추의 냄새가 꽤 강해서 손질하기 어렵습니다.,1
유기농 홍고추,"고추가 처음에는 신선하게 보이지만, 몇 일이 지나면 부패해 버립니다.",1
무농약 건고추,고추가 통째로 구매하면 항상 몇 개가 상태가 좋지 않고 상하기 쉽습니다.,1
일반 건고추,고추가 먹을 만한 품질이 아니라 손에 묻는 냄새가 정말로 불쾌합니다.,1
유기농 청양고추,고추를 살 때마다 품질이 일관되지 않아서 항상 걱정입니다.,1
일반 청양고추,고추가 늘 녹아있거나 다른 이상한 냄새가 납니다.,1
무농약 청양고추,고추 표면의 상처와 더러움 때문에 손으로 만질 때마다 불안합니다.,1
무농약 건고추,고추를 사면서 매번 상태가 좋지 않은 것 같습니다.,1
일반 홍고추,고추가 너무 많이 상하고 빠르게 부패합니다.,1
무농약 홍고추,고추를 사면 내부에 무서운 것이 들어 있을까봐 항상 걱정됩니다.,1
유기농 홍고추,"고추가 보기에 좋아 보이지만, 맛은 전혀 괜찮지 않습니다.",1
무농약 건고추,고추를 세척해도 표면의 이상한 냄새가 가십니다.,1
일반 건고추,"고추를 사면 항상 실망하게 되고, 돈을 낭비한 것 같습니다.",1
유기농 청양고추,고추를 먹다가 너무 썩어서 던져야 했습니다.,1
무농약 청양고추,고추가 상하고 부패하기가 너무 빨라서 실망스럽습니다.,1
일반 청양고추,고추를 사면 항상 망가져 있는 것 같습니다.,1
무농약 건고추,고추 표면에 가품이 있을 수도 있습니다.,1
유기농 건고추,고추를 사면 무엇을 얻을지 확신하지 못합니다.,1
일반 홍고추,고추 표면에 이상한 무언가가 있어서 먹기 전에 항상 걱정됩니다.,1
무농약 홍고추,고추가 너무 빨리 상하기 때문에 계속해서 사야합니다.,1
유기농 홍고추,고추를 사면 항상 속이 상해있는 것 같습니다.,1
무농약 청양고추,고추를 세척하면서 더러운 것이 많이 나와서 끔찍합니다.,1
일반 건고추,고추가 더럽고 상태가 좋지 않습니다.,1
무농약 건고추,고추를 사면 품질이 항상 떨어지는 것 같습니다.,1
유기농 청양고추,고추가 상하고 냄새가 나서 먹을 수가 없습니다.,1
일반 청양고추,고추가 매우 부패하고 상태가 좋지 않습니다.,1
일반 홍고추,고추를 세척해도 더러운 것이 많이 남아있습니다.,1
무농약 홍고추,고추가 상한 부분이 많아서 먹을 수가 없습니다.,1
무농약 건고추,고추가 냄새가 나서 먹기 어렵습니다.,1
유기농 홍고추,고추를 사면 늘 실망하게 됩니다.,1
유기농 청양고추,고추가 품질이 너무 떨어집니다.,1
일반 건고추,고추를 사면 항상 상태가 나쁩니다.,1
무농약 건고추,고추가 너무 빨리 상하여 손해가 큽니다.,1
무농약 청양고추,고추를 사면 항상 녹아있는 것 같습니다.,1
유기농 건고추,고추가 매우 더러워서 세척하기 어렵습니다.,1
일반 홍고추,고추를 사면 매번 실망합니다.,1
무농약 홍고추,고추가 상한 부분이 많아서 먹을 수 없습니다.,1
일반 청양고추,고추가 내부에서 썩은 것이 많아서 실망합니다.,1
무농약 건고추,고추가 냄새가 너무 강해서 먹기가 어렵습니다.,1
유기농 홍고추,고추를 사면 항상 실망하게 됩니다.,1
무농약 청양고추,고추가 품질이 너무 떨어집니다.,1
유기농 청양고추,고추를 사면 항상 상태가 나쁩니다.,1
일반 건고추,고추가 너무 빨리 상하여 손해가 큽니다.,1
무농약 건고추,고추를 사면 항상 녹아있는 것 같습니다.,1
유기농 건고추,고추가 매우 더러워서 세척하기 어렵습니다.,1
무농약 홍고추,고추를 사면 매번 실망합니다.,1
일반 홍고추,고추가 상한 부분이 많아서 먹을 수 없습니다.,1
무농약 청양고추,고추가 내부에서 썩은 것이 많아서 실망합니다.,1
유기농 홍고추,고추가 냄새가 너무 강해서 먹기가 어렵습니다.,1
유기농 청양고추,고추를 사면 항상 걱정이 됩니다.,1
일반 건고추,고추가 품질이 항상 떨어집니다.,1
무농약 건고추,고추를 사면 항상 상태가 나쁩니다.,1
일반 청양고추,고추가 너무 빨리 상하기 때문에 손해가 큽니다.,1
무농약 건고추,고추를 사면 항상 녹아있는 것 같습니다.,1
유기농 건고추,고추가 매우 더러워서 세척하기 어렵습니다.,1
무농약 홍고추,고추를 사면 매번 실망합니다.,1
일반 홍고추,고추가 상한 부분이 많아서 먹을 수 없습니다.,1
유기농 홍고추,고추가 내부에서 썩은 것이 많아서 실망합니다.,1
무농약 청양고추,고추가 냄새가 너무 강해서 먹기가 어렵습니다.,1
일반 청양고추,고추를 사면 항상 걱정이 됩니다.,1
유기농 청양고추,고추가 품질이 항상 떨어집니다.,1
일반 건고추,고추를 사면 항상 상태가 나쁩니다.,1
무농약 건고추,고추가 너무 빨리 상하기 때문에 손해가 큽니다.,1
무농약 홍고추,고추를 사면 항상 녹아있는 것 같습니다.,1
일반 홍고추,고추가 매우 더러워서 세척하기 어렵습니다.,1
유기농 홍고추,고추를 사면 매번 실망합니다.,1
무농약 청양고추,고추가 상한 부분이 많아서 먹을 수 없습니다.,1
일반 청양고추,고추가 내부에서 썩은 것이 많아서 실망합니다.,1
유기농 청양고추,고추가 냄새가 너무 강해서 먹기가 어렵습니다.,1
일반 건고추,고추를 사면 항상 상한 것이 섞여 있습니다.,1
무농약 건고추,고추가 냄새가 나서 냉장고에 보관하기 어렵습니다.,1
유기농 건고추,고추를 산 다음에는 항상 먹기 전에 빨리 손질해야 합니다.,1
무농약 홍고추,고추를 사면 항상 실망하게 됩니다. 이건 정말로 가치가 없어요.,1
일반 홍고추,고추를 사면 내부가 꽉 차 있어서 먹기 어렵습니다.,1
무농약 청양고추,고추를 사면 먹을 때마다 입맛이 망가집니다.,1
유기농 홍고추,고추를 세척해도 내부의 부패가 심각합니다.,1
유기농 청양고추,고추를 사면 너무 더러워서 세척하기 어렵습니다.,1
일반 건고추,고추가 품질이 항상 떨어집니다.,1
무농약 건고추,고추를 사면 항상 상태가 나쁩니다.,1
일반 청양고추,고추가 너무 빨리 상하기 때문에 손해가 큽니다.,1
무농약 건고추,고추를 사면 항상 녹아있는 것 같습니다.,1
유기농 건고추,고추가 매우 더러워서 세척하기 어렵습니다.,1
무농약 홍고추,고추를 사면 매번 실망합니다.,1
일반 홍고추,고추가 상한 부분이 많아서 먹을 수 없습니다.,1
유기농 홍고추,고추가 내부에서 썩은 것이 많아서 실망합니다.,1
무농약 청양고추,고추가 냄새가 너무 강해서 먹기가 어렵습니다.,1
일반 청양고추,고추를 사면 항상 걱정이 됩니다.,1
유기농 청양고추,고추가 품질이 항상 떨어집니다.,1
일반 건고추,고추를 사면 항상 상태가 나쁩니다.,1
무농약 건고추,고추가 너무 빨리 상하기 때문에 손해가 큽니다.,1
무농약 홍고추,고추를 사면 항상 녹아있는 것 같습니다.,1
일반 홍고추,고추가 매우 더러워서 세척하기 어렵습니다.,1
유기농 홍고추,고추를 사면 매번 실망합니다.,1
무농약 청양고추,고추가 상한 부분이 많아서 먹을 수 없습니다.,1
일반 청양고추,고추가 내부에서 썩은 것이 많아서 실망합니다.,1
유기농 청양고추,고추가 냄새가 너무 강해서 먹기가 어렵습니다.,1
일반 건고추,고추를 사면 항상 걱정이 됩니다.,1
무농약 건고추,고추가 품질이 항상 떨어집니다.,1
유기농 건고추,고추를 사면 항상 상태가 나쁩니다.,1
무농약 홍고추,고추가 너무 빨리 상하기 때문에 손해가 큽니다.,1
일반 홍고추,고추를 사면 항상 녹아있는 것 같습니다.,1
무농약 청양고추,고추가 매우 더러워서 세척하기 어렵습니다.,1
유기농 홍고추,고추를 사면 매번 실망합니다.,1
유기농 청양고추,고추가 상한 부분이 많아서 먹을 수 없습니다.,1
일반 건고추,고추가 내부에서 썩은 것이 많아서 실망합니다.,1
무농약 건고추,고추가 냄새가 너무 강해서 먹기가 어렵습니다.,1
일반 청양고추,고추를 사면 항상 걱정이 됩니다.,1
무농약 건고추,고추가 품질이 항상 떨어집니다.,1
유기농 건고추,고추를 사면 항상 상태가 나쁩니다.,1
무농약 홍고추,고추가 너무 빨리 상하기 때문에 손해가 큽니다.,1
일반 홍고추,고추를 사면 항상 녹아있는 것 같습니다.,1
유기농 홍고추,고추가 매우 더러워서 세척하기 어렵습니다.,1
무농약 청양고추,고추를 사면 매번 실망합니다.,1
일반 청양고추,고추가 상한 부분이 많아서 먹을 수 없습니다.,1
유기농 청양고추,고추가 내부에서 썩은 것이 많아서 실망합니다.,1
일반 건고추,고추가 냄새가 너무 강해서 먹기가 어렵습니다.,1
유기농 청양고추,"고추는 너무 매워서 입안을 불태우는데, 정말로 어떤 맛이 있는지 느낄 수 없어요.",1
일반 건고추,고추를 먹으면 입안이 마비된 것처럼 느껴져서 불편해요.,1
무농약 건고추,"고추를 넣으면 음식의 맛이 왜곡되어, 원래 재료의 맛을 즐기기 어려워요.",1
유기농 건고추,고추를 먹으면 속이 자주 아프고 소화에 문제가 생길 때가 많아요.,1
일반 건고추,고추는 냄새가 너무 강해서 주방이 계속 향기가 나요.,1
일반 홍고추,"고추를 다루다가 손이 가려워지고, 눈이 따가워져 눈물이 나요.",1
무농약 홍고추,고추는 신선하게 보관하기 어려워서 종종 상하게 됩니다.,1
유기농 홍고추,고추는 다른 식재료와 함께 보관하면 다른 음식에 매운 맛이 옮겨집니다.,1
무농약 청양고추,"고추를 손질하는 과정이 번거롭고, 신중한 주의가 필요해요.",1
무농약 홍고추,고추를 손질할 때 착용한 장갑도 아무래도 충분하지 않은 것 같아요.,1
일반 청양고추,고추를 손질하는 동안 손에 고추 오일이 남아 어지럽고 미끄러워져요.,1
일반 건고추,"고추를 실수로 눈에 손대면, 참으로 고통스럽습니다.",1
일반 홍고추,고추는 아이들이나 민감한 입맛을 가진 사람들에겐 먹기 어려워요.,1
일반 건고추,고추를 너무 많이 사용하면 음식이 너무 건조해지고 입맛이 떨어져요.,1
무농약 건고추,"고추는 여름철에 먹기 더 어려운데, 더위를 더 느끼게 해요.",1
일반 청양고추,고추를 먹으면 입안이 계속 화끈하게 타오르는 느낌이 들어요.,1
일반 건고추,고추는 기침을 자주 유발하고 목을 건조하게 만듭니다.,1
일반 홍고추,"고추를 먹으면 땀이 쏟아지고, 땀이 매운 맛을 느낄 때가 있어요.",1
일반 건고추,고추를 먹으면 속이 매운 맛으로 가득 차서 불편해요.,1
무농약 홍고추,고추의 매운 맛으로 먹는 즐거움이 전혀 느껴지지 않아요.,1
무농약 건고추,고추를 먹으면 속이 너무 뜨거워서 물을 많이 마셔야 해요.,1
일반 청양고추,고추를 먹으면 가래가 늘어나고 목이 아파져요.,1
일반 건고추,고추를 먹으면 잠깐의 즐거움 대신 후회가 남아요.,1
무농약 건고추,"고추를 먹으면 입맛이 나빠지고, 음식을 즐기기 어려워요.",1
유기농 청양고추,고추는 조절이 어렵기 때문에 음식을 다시 조리해야 할 때가 많아요.,1
무농약 홍고추,고추를 먹으면 속이 무거워져 소화에 어려움을 겪어요.,1
유기농 건고추,고추를 먹으면 속이 부어서 불쾌한 느낌이 들어요.,1
일반 홍고추,"고추를 먹으면 입맛을 떨어뜨리고, 다른 음식의 맛을 감추어 버려요.",1
무농약 청양고추,고추를 먹으면 입맛이 예민한 사람에겐 추천하지 않아요.,1
유기농 홍고추,"고추는 다른 맛을 덮어버리는데, 이게 좋은 것일까요?",1
일반 건고추,고추는 너무 매워서 아무런 맛을 느끼지 못해요.,1
일반 청양고추,고추를 먹으면 속이 뒤집힌 것처럼 느껴져요.,1
유기농 청양고추,고추는 어떤 음식이나 요리와도 어울리지 않는다고 생각해요.,1
무농약 홍고추,고추를 먹으면 입안이 계속 화끈하게 타오르는 느낌이 들어요.,1
유기농 홍고추,고추를 먹으면 속이 무거워져 음식을 소화하기 어렵다고 느껴져요.,1
일반 건고추,고추는 냄새가 너무 강해 주방에 계속 냄새가 나요.,1
일반 홍고추,고추를 다루다가 손에 냄새가 오래 남아서 불쾌해요.,1
일반 건고추,고추는 신선하게 보관하기 어려워서 종종 상하게 됩니다.,1
일반 청양고추,"고추를 다루는 동안 손이 가려워지고, 따가운 눈물이 나요.",1
무농약 건고추,고추를 손질할 때 착용한 장갑도 아무래도 충분하지 않은 것 같아요.,1
일반 건고추,고추는 다른 식재료와 함께 보관하면 다른 음식에 매운 맛이 옮겨집니다.,1
일반 홍고추,맛이 실망스러웠어요 고추는 정말 실망이 큽니다.,1
무농약 청양고추,제가 받은 크기가 사진과 달랐어요는 사용하기에 너무 나빴어요.,1
유기농 홍고추,과숙해서 흐물거려요 때문에 요리가 망쳐버렸어요.,1
일반 건고추,이런 미숙해서 딱딱해요를 받을 줄은 몰랐네요.,1
일반 청양고추,"충분히 맵지 않아요 고추, 다시는 구매하고 싶지 않습니다.",1
유기농 청양고추,고작 이런 너무 매워서 먹을 수 없어요를 받으려고 기다린 건가요?,1
무농약 홍고추,"고추를 좋아하지만, 이번에는 도착했을 때부터 썩었어요가 너무 실망스러웠어요.",1
유기농 청양고추,이번 구매한 포장이 망가져 있었어요는 정말 최악이었어요.,1
무농약 홍고추,품질이 일정하지 않아요 고추를 먹고 정말 기분이 나빠졌어요.,1
유기농 건고추,가격 대비 가치가 없어요는 제 기대를 완전히 저버렸습니다.,1
